id,hypothesis,target_or_outcome,configurations_searched,data_used_to_choose,evaluated_on,previously_peeked,untouched_final_period,result,status,scripts_as_run
T1,A gradient-boosted model ranks new pump.fun coins better than the logistic model,barrier label: +100% before -30% within 10 min of the snapshot,LightGBM vs logistic; 36 features; snapshots 15 s-3 min after launch; tree count by early stopping,2026-10-03..05 (train),2026-10-06 (10-06 = its first ~19-20 h: the file was still being written); walk-forward 10-03..04 -> 10-05,yes (both test days looked at repeatedly in T2-T7),none,AUC 0.86 trees vs 0.83 logistic; calibrated to ~30%; top picks double 24-27% vs ~5% base,ranking skill real; not a trading result,research/exploratory/edge-gbm_vs_logistic.py research/exploratory/edge-edge2.py
T2,Trade the model's top picks,net P&L per pick after fees,"thresholds 25-30%; stop 40%; trails 25-30%; fill delays 0, 0.5, 1, 2.5 s",train days of the walk-forward; exits chosen on the first half of 10-06,walk-forward: train 2026-10-03..04 -> grade 10-05; train 10-03..05 -> grade 10-06 (10-06 = its first ~19-20 h: the file was still being written); live forward follow from 2026-10-06 (217 picks at real lag),yes,none,"instant fills +11% to +16%/trade on 10-05..06; 0.5-2.5 s about break-even; live follow -9% to -22%/pick, instant fills included",dead at our speed,research/exploratory/edge-edge2.py research/exploratory/edge-edge3.py research/exploratory/edge-edge4.py research/exploratory/edge-exits.py research/exploratory/edge-delay5.py research/exploratory/edge-delay6.py
T3,Retrain for the late fill (label from the price 2.5 s later),barrier label measured from the delayed fill price,thresholds as T2,train days of the walk-forward,walk-forward: train 2026-10-03..04 -> grade 10-05; train 10-03..05 -> grade 10-06 (10-06 = its first ~19-20 h: the file was still being written),yes,none,AUC 0.86 on that label; trades lose at every threshold,dead,research/exploratory/edge-latelabel.py
T4,Hold high-conviction picks longer,net P&L per pick,holds up to 1 h; wide stops or none,train days of the walk-forward,walk-forward: train 2026-10-03..04 -> grade 10-05; train 10-03..05 -> grade 10-06 (10-06 = its first ~19-20 h: the file was still being written),yes,none,within noise of zero; median pick -66% after an hour,dead,research/exploratory/edge-hodl5.py research/exploratory/edge-hodl6.py
T5,Slower coins (5-30 min old),net P&L per trade,age windows 5-30 min; model thresholds as T2,train days of the walk-forward,walk-forward: train 2026-10-03..04 -> grade 10-05; train 10-03..05 -> grade 10-06 (10-06 = its first ~19-20 h: the file was still being written),yes,none,-4% to -22%/trade on both test days,dead,research/exploratory/edge-slow.py
T6,"The owner's manual style as a rule (half-full curve, heavy buying, a 10-35% dip, sell fast)",net P&L per trade,540 variants (curve fill x buying x dip depth x exits),none (every variant reported),"2026-10-03, 04, 05, 06 (each day separately; 10-06 up to ~20:24 UTC)",yes,none,0 of 540 made money; all lost 3-7%/trade every day,dead,research/exploratory/edge-style.py research/exploratory/edge-style_sum.py research/exploratory/edge-manual.py
T7,Predict which half-full coins graduate,net P&L per trade with bot-like exits (late-fill label),thresholds; exits as the graduation bot,earlier days,a later unseen day (10-06 up to ~23:29 UTC),yes,none,top picks graduate 26-36% vs 3-8% base yet lose 2-14%/trade,dead,research/exploratory/edge2-grad_collect.py research/exploratory/edge2-grad_eval.py
T8,Graduation plays: settings and speed,"net SOL per day, rules only (no AI vote; daily loss limit and drawdown stop off)",base; slippage caps 3/5/8%; fills 1.5/1.0/0.5 s; min_near_high 0.95; dev-sell size 2%/never (needs an unmerged change),none (one pass; 28 of 40 jobs finished),2026-10-03..05 (10-06 not reached),yes (overlaps graduation-v1's holdout),none,2.5 s +0.16 SOL; 1.5 s +1.29; 1.0 s +1.18; 0.5 s +3.37; caps worse; 10-05 lost at every speed,speed matters on the received-event timeline; not a feed simulation,research/exploratory/run_compare.sh (code: provenance/t8-compare-wt-cr.*)
T8-lab,Lab A/B checks of single graduation settings,"net SOL, blocks of hours, per day",14 one-setting changes (see graduation_latency_runs.jsonl),rolling recent recordings,2026-10-03..06,yes,none,no clear difference on any setting,no change adopted,in repo: meme_trader/sniper/lab.py
T9,"Second-life momentum on established PumpSwap coins (2+ days old, $5k+ liquidity): +40% in 5 min on 4x volume, hold 1-2 h",net P&L per trade after costs,"rules (+20/+30/+40% in 5 min; volume x4); delays 5, 30, 60 s; exits hold 1 h, 2 h, stop 30% + 1 h; costs 1.2% and 2.4% round trip; dip-buying variants",2026-10-04..06 (all of it),"2026-10-04, 05, 06 (10-06 up to ~23:31 UTC); forward test v2 from 2026-10-07",yes,none (forward test v2 is exploratory: 18 variants),"CORRECTED 2026-10-07 (t9_replay_v2.py with the shared signal t9-signal-2: the price AT OR BEFORE t-300). +40%/x4, 60 s, hold 1 h, 1.2% cost: 133 signals, 106 measured, 22 entered trades unmeasured (17% of entered); measured mean +29.2%, median -10.3%; top 3 episodes 89% of the total. Robustness: zero recovery on unmeasured +8.7; without the top 3 episodes +3.4; BOTH together -18.9 position-units; at the unmeasured trades' last prints without the top 3, -0.2. Momentum: 96 of 189 variants positive every day. Exploratory, in-sample.",the only live candidate; exploratory,"research/exploratory/t9_replay_v2.py (first version: edge2-swap_study.py edge2-swap_robust.py edge2-swap_top.py, superseded)"
T10,The AI team (4 personas) adds value to graduation calls,median return of buy calls vs pass calls,prompt and rubric changes over time,n/a,155 scored calls (2026-10-05..06),yes,none,buys -15.4% vs passes -5.3% at the median,no value yet,in repo: meme_trader/sniper/desk.py desk_record.py
T11,Copy KOL wallets,net P&L per copied trade,latency 1-2.5 s,n/a,2026-10-05,yes,none,-13%/trade,dead at our speed,in repo: meme_trader/sniper/copytrade.py kols.py
T12,"Smart wallets (wallets-v1): wallets early on several runners, followed on 14+-day-old coins",coins they buy beat random coins and random wallet lists,none: rules registered before any data,n/a,period A >= 14 days then period B >= 14 days,no,period B (after the freeze),pending (verdict ~2026-11-01),registered,research/policies/wallets-v1.yaml
G1,graduation-v1: the graduation rules as frozen on 2026-10-03T20:21:03Z,holdout gates (see the policy),none after the freeze,before 2026-10-03,holdout from the freeze (>= 14 days),yes: T8 and the lab used days inside its holdout,no (contaminated by T8/lab looks),pending (verdict ~2026-10-17),registered; treat its verdict as contaminated,research/policies/graduation-v1.yaml
